{"app":["/app-19f60987cc26dd6fc5eb.js"],"component---src-pages-2020-alg-js":["/component---src-pages-2020-alg-js-83436cb57a1c5d99519d.js"],"component---src-pages-2021-alg-js":["/component---src-pages-2021-alg-js-20558302e564e8b24166.js"],"component---src-pages-2022-alg-js":["/component---src-pages-2022-alg-js-01545455824ef9461800.js"],"component---src-pages-2023-alg-js":["/component---src-pages-2023-alg-js-99c3864151978ba342c7.js"],"component---src-pages-404-js":["/component---src-pages-404-js-68765ad8c52759b54ba3.js"],"component---src-pages-about-js":["/component---src-pages-about-js-7ed8d798c0ab97522539.js"],"component---src-pages-blog-js":["/component---src-pages-blog-js-c46aa28d1265420e2560.js"],"component---src-pages-contact-js":["/component---src-pages-contact-js-8f2653f7073cc8536959.js"],"component---src-pages-editions-js":["/component---src-pages-editions-js-eb0b793751f147cd3fb7.js"],"component---src-pages-events-js":["/component---src-pages-events-js-e6424243f277996c0eb7.js"],"component---src-pages-fellows-and-champions-js":["/component---src-pages-fellows-and-champions-js-162ec026d300bbfe2bb5.js"],"component---src-pages-index-js":["/component---src-pages-index-js-a67231011021aa887a11.js"],"component---src-pages-initiatives-js":["/component---src-pages-initiatives-js-6bf0340e454315b7720e.js"],"component---src-pages-media-resource-js":["/component---src-pages-media-resource-js-f43be552e211660d5f22.js"],"component---src-pages-news-js":["/component---src-pages-news-js-a014dc6b024c99acf1ee.js"],"component---src-pages-publications-js":["/component---src-pages-publications-js-670ce5ec54cfd3ef4c76.js"],"component---src-pages-register-js":["/component---src-pages-register-js-bd45b8d8dea8737e7f99.js"],"component---src-pages-register-townhall-js":["/component---src-pages-register-townhall-js-daaa5c8da0f3c046e11c.js"],"component---src-pages-speakers-js":["/component---src-pages-speakers-js-3c5a5acc22035a942075.js"],"component---src-templates-blog-post-js":["/component---src-templates-blog-post-js-774b03a92301663d8c8d.js"]}