{"app":["/app-96d298ec766e31b2c07b.js"],"component---src-pages-2020-alg-js":["/component---src-pages-2020-alg-js-83436cb57a1c5d99519d.js"],"component---src-pages-2021-alg-js":["/component---src-pages-2021-alg-js-20558302e564e8b24166.js"],"component---src-pages-2022-alg-js":["/component---src-pages-2022-alg-js-01545455824ef9461800.js"],"component---src-pages-2023-alg-js":["/component---src-pages-2023-alg-js-99c3864151978ba342c7.js"],"component---src-pages-404-js":["/component---src-pages-404-js-68765ad8c52759b54ba3.js"],"component---src-pages-about-js":["/component---src-pages-about-js-85027b15282f4bca643f.js"],"component---src-pages-blog-js":["/component---src-pages-blog-js-c46aa28d1265420e2560.js"],"component---src-pages-contact-js":["/component---src-pages-contact-js-8f2653f7073cc8536959.js"],"component---src-pages-editions-js":["/component---src-pages-editions-js-953b530d6c041c540e7d.js"],"component---src-pages-events-js":["/component---src-pages-events-js-3560ee0136a8f8614a92.js"],"component---src-pages-fellows-and-champions-js":["/component---src-pages-fellows-and-champions-js-9026b1a5e17379c564fb.js"],"component---src-pages-index-js":["/component---src-pages-index-js-e6bf9f4987e2f082b1a2.js"],"component---src-pages-initiatives-js":["/component---src-pages-initiatives-js-6bf0340e454315b7720e.js"],"component---src-pages-media-resource-js":["/component---src-pages-media-resource-js-f43be552e211660d5f22.js"],"component---src-pages-news-js":["/component---src-pages-news-js-a014dc6b024c99acf1ee.js"],"component---src-pages-publications-js":["/component---src-pages-publications-js-31b0b2d07fe9b0a6791c.js"],"component---src-pages-register-js":["/component---src-pages-register-js-bd45b8d8dea8737e7f99.js"],"component---src-pages-register-townhall-js":["/component---src-pages-register-townhall-js-daaa5c8da0f3c046e11c.js"],"component---src-pages-speakers-js":["/component---src-pages-speakers-js-3c5a5acc22035a942075.js"],"component---src-templates-blog-post-js":["/component---src-templates-blog-post-js-35e3b0edb6831586a24e.js"]}