{"name":"build-javascript","namedChunkGroups":{"app":{"name":"app","assets":[{"name":"webpack-runtime-e1858cfda0ee580a35ea.js","size":5048},{"name":"styles.763aefb357cf62644e56.css","size":201279},{"name":"framework-b67c42a6eb596e718a54.js","size":141015},{"name":"cb355538-5ec9de76835c912550c3.js","size":8305},{"name":"3b1baa31-34139355b7307044815a.js","size":3578},{"name":"app-19f60987cc26dd6fc5eb.js","size":380142}],"filteredAssets":0,"assetsSize":739367,"filteredAuxiliaryAssets":16,"auxiliaryAssetsSize":9481578},"component---src-pages-2020-alg-js":{"name":"component---src-pages-2020-alg-js","assets":[{"name":"styles.763aefb357cf62644e56.css","size":201279},{"name":"component---src-pages-2020-alg-js-83436cb57a1c5d99519d.js","size":1654}],"filteredAssets":0,"assetsSize":202933,"filteredAuxiliaryAssets":3,"auxiliaryAssetsSize":46202},"component---src-pages-2021-alg-js":{"name":"component---src-pages-2021-alg-js","assets":[{"name":"styles.763aefb357cf62644e56.css","size":201279},{"name":"component---src-pages-2021-alg-js-20558302e564e8b24166.js","size":1654}],"filteredAssets":0,"assetsSize":202933,"filteredAuxiliaryAssets":3,"auxiliaryAssetsSize":46202},"component---src-pages-2022-alg-js":{"name":"component---src-pages-2022-alg-js","assets":[{"name":"styles.763aefb357cf62644e56.css","size":201279},{"name":"component---src-pages-2022-alg-js-01545455824ef9461800.js","size":1654}],"filteredAssets":0,"assetsSize":202933,"filteredAuxiliaryAssets":3,"auxiliaryAssetsSize":46204},"component---src-pages-2023-alg-js":{"name":"component---src-pages-2023-alg-js","assets":[{"name":"styles.763aefb357cf62644e56.css","size":201279},{"name":"component---src-pages-2023-alg-js-99c3864151978ba342c7.js","size":1654}],"filteredAssets":0,"assetsSize":202933,"filteredAuxiliaryAssets":3,"auxiliaryAssetsSize":46204},"component---src-pages-404-js":{"name":"component---src-pages-404-js","assets":[{"name":"styles.763aefb357cf62644e56.css","size":201279},{"name":"component---src-pages-404-js-68765ad8c52759b54ba3.js","size":1658}],"filteredAssets":0,"assetsSize":202937,"filteredAuxiliaryAssets":3,"auxiliaryAssetsSize":46209},"component---src-pages-about-js":{"name":"component---src-pages-about-js","assets":[{"name":"component---src-pages-about-js-7ed8d798c0ab97522539.js","size":14387}],"filteredAssets":0,"assetsSize":14387,"filteredAuxiliaryAssets":4,"auxiliaryAssetsSize":1893834},"component---src-pages-blog-js":{"name":"component---src-pages-blog-js","assets":[{"name":"component---src-pages-blog-js-c46aa28d1265420e2560.js","size":5644}],"filteredAssets":0,"assetsSize":5644,"filteredAuxiliaryAssets":1,"auxiliaryAssetsSize":13090},"component---src-pages-contact-js":{"name":"component---src-pages-contact-js","assets":[{"name":"component---src-pages-contact-js-8f2653f7073cc8536959.js","size":7563}],"filteredAssets":0,"assetsSize":7563,"filteredAuxiliaryAssets":2,"auxiliaryAssetsSize":597865},"component---src-pages-editions-js":{"name":"component---src-pages-editions-js","assets":[{"name":"component---src-pages-editions-js-eb0b793751f147cd3fb7.js","size":5047}],"filteredAssets":0,"assetsSize":5047,"filteredAuxiliaryAssets":6,"auxiliaryAssetsSize":3688177},"component---src-pages-events-js":{"name":"component---src-pages-events-js","assets":[{"name":"component---src-pages-events-js-e6424243f277996c0eb7.js","size":4303}],"filteredAssets":0,"assetsSize":4303,"filteredAuxiliaryAssets":3,"auxiliaryAssetsSize":1488986},"component---src-pages-fellows-and-champions-js":{"name":"component---src-pages-fellows-and-champions-js","assets":[{"name":"component---src-pages-fellows-and-champions-js-162ec026d300bbfe2bb5.js","size":5693}],"filteredAssets":0,"assetsSize":5693,"filteredAuxiliaryAssets":2,"auxiliaryAssetsSize":58086},"component---src-pages-index-js":{"name":"component---src-pages-index-js","assets":[{"name":"component---src-pages-index-js-a67231011021aa887a11.js","size":37906}],"filteredAssets":0,"assetsSize":37906,"filteredAuxiliaryAssets":4,"auxiliaryAssetsSize":253416},"component---src-pages-initiatives-js":{"name":"component---src-pages-initiatives-js","assets":[{"name":"component---src-pages-initiatives-js-6bf0340e454315b7720e.js","size":4370}],"filteredAssets":0,"assetsSize":4370,"filteredAuxiliaryAssets":2,"auxiliaryAssetsSize":30622},"component---src-pages-media-resource-js":{"name":"component---src-pages-media-resource-js","assets":[{"name":"component---src-pages-media-resource-js-f43be552e211660d5f22.js","size":7496}],"filteredAssets":0,"assetsSize":7496,"filteredAuxiliaryAssets":2,"auxiliaryAssetsSize":858060},"component---src-pages-news-js":{"name":"component---src-pages-news-js","assets":[{"name":"component---src-pages-news-js-a014dc6b024c99acf1ee.js","size":5436}],"filteredAssets":0,"assetsSize":5436,"filteredAuxiliaryAssets":2,"auxiliaryAssetsSize":1098629},"component---src-pages-publications-js":{"name":"component---src-pages-publications-js","assets":[{"name":"component---src-pages-publications-js-670ce5ec54cfd3ef4c76.js","size":5583}],"filteredAssets":0,"assetsSize":5583,"filteredAuxiliaryAssets":1,"auxiliaryAssetsSize":13057},"component---src-pages-register-js":{"name":"component---src-pages-register-js","assets":[{"name":"component---src-pages-register-js-bd45b8d8dea8737e7f99.js","size":7823}],"filteredAssets":0,"assetsSize":7823,"filteredAuxiliaryAssets":2,"auxiliaryAssetsSize":371196},"component---src-pages-register-townhall-js":{"name":"component---src-pages-register-townhall-js","assets":[{"name":"component---src-pages-register-townhall-js-daaa5c8da0f3c046e11c.js","size":6900}],"filteredAssets":0,"assetsSize":6900,"filteredAuxiliaryAssets":5,"auxiliaryAssetsSize":545692},"component---src-pages-speakers-js":{"name":"component---src-pages-speakers-js","assets":[{"name":"component---src-pages-speakers-js-3c5a5acc22035a942075.js","size":3690}],"filteredAssets":0,"assetsSize":3690,"filteredAuxiliaryAssets":2,"auxiliaryAssetsSize":1700095},"component---src-templates-blog-post-js":{"name":"component---src-templates-blog-post-js","assets":[{"name":"framework-b67c42a6eb596e718a54.js","size":141015},{"name":"component---src-templates-blog-post-js-774b03a92301663d8c8d.js","size":88449}],"filteredAssets":0,"assetsSize":229464,"filteredAuxiliaryAssets":2,"auxiliaryAssetsSize":614775}},"assetsByChunkName":{"app":["webpack-runtime-e1858cfda0ee580a35ea.js","styles.763aefb357cf62644e56.css","framework-b67c42a6eb596e718a54.js","cb355538-5ec9de76835c912550c3.js","3b1baa31-34139355b7307044815a.js","app-19f60987cc26dd6fc5eb.js"],"component---src-pages-2020-alg-js":["styles.763aefb357cf62644e56.css","component---src-pages-2020-alg-js-83436cb57a1c5d99519d.js"],"component---src-pages-2021-alg-js":["styles.763aefb357cf62644e56.css","component---src-pages-2021-alg-js-20558302e564e8b24166.js"],"component---src-pages-2022-alg-js":["styles.763aefb357cf62644e56.css","component---src-pages-2022-alg-js-01545455824ef9461800.js"],"component---src-pages-2023-alg-js":["styles.763aefb357cf62644e56.css","component---src-pages-2023-alg-js-99c3864151978ba342c7.js"],"component---src-pages-404-js":["styles.763aefb357cf62644e56.css","component---src-pages-404-js-68765ad8c52759b54ba3.js"],"component---src-pages-about-js":["component---src-pages-about-js-7ed8d798c0ab97522539.js"],"component---src-pages-blog-js":["component---src-pages-blog-js-c46aa28d1265420e2560.js"],"component---src-pages-contact-js":["component---src-pages-contact-js-8f2653f7073cc8536959.js"],"component---src-pages-editions-js":["component---src-pages-editions-js-eb0b793751f147cd3fb7.js"],"component---src-pages-events-js":["component---src-pages-events-js-e6424243f277996c0eb7.js"],"component---src-pages-fellows-and-champions-js":["component---src-pages-fellows-and-champions-js-162ec026d300bbfe2bb5.js"],"component---src-pages-index-js":["component---src-pages-index-js-a67231011021aa887a11.js"],"component---src-pages-initiatives-js":["component---src-pages-initiatives-js-6bf0340e454315b7720e.js"],"component---src-pages-media-resource-js":["component---src-pages-media-resource-js-f43be552e211660d5f22.js"],"component---src-pages-news-js":["component---src-pages-news-js-a014dc6b024c99acf1ee.js"],"component---src-pages-publications-js":["component---src-pages-publications-js-670ce5ec54cfd3ef4c76.js"],"component---src-pages-register-js":["component---src-pages-register-js-bd45b8d8dea8737e7f99.js"],"component---src-pages-register-townhall-js":["component---src-pages-register-townhall-js-daaa5c8da0f3c046e11c.js"],"component---src-pages-speakers-js":["component---src-pages-speakers-js-3c5a5acc22035a942075.js"],"component---src-templates-blog-post-js":["framework-b67c42a6eb596e718a54.js","component---src-templates-blog-post-js-774b03a92301663d8c8d.js"]},"childAssetsByChunkName":{}}