{"name":"build-javascript","namedChunkGroups":{"app":{"name":"app","assets":[{"name":"webpack-runtime-2d420080a7007742182f.js","size":5164},{"name":"styles.f5bd8e32381e82a2d971.css","size":202003},{"name":"framework-b67c42a6eb596e718a54.js","size":141015},{"name":"cb355538-5ec9de76835c912550c3.js","size":8305},{"name":"3b1baa31-34139355b7307044815a.js","size":3578},{"name":"app-96d298ec766e31b2c07b.js","size":380068}],"filteredAssets":0,"assetsSize":740133,"filteredAuxiliaryAssets":16,"auxiliaryAssetsSize":9481640},"component---src-pages-2020-alg-js":{"name":"component---src-pages-2020-alg-js","assets":[{"name":"styles.f5bd8e32381e82a2d971.css","size":202003},{"name":"component---src-pages-2020-alg-js-83436cb57a1c5d99519d.js","size":1654}],"filteredAssets":0,"assetsSize":203657,"filteredAuxiliaryAssets":3,"auxiliaryAssetsSize":46202},"component---src-pages-2021-alg-js":{"name":"component---src-pages-2021-alg-js","assets":[{"name":"styles.f5bd8e32381e82a2d971.css","size":202003},{"name":"component---src-pages-2021-alg-js-20558302e564e8b24166.js","size":1654}],"filteredAssets":0,"assetsSize":203657,"filteredAuxiliaryAssets":3,"auxiliaryAssetsSize":46202},"component---src-pages-2022-alg-js":{"name":"component---src-pages-2022-alg-js","assets":[{"name":"styles.f5bd8e32381e82a2d971.css","size":202003},{"name":"component---src-pages-2022-alg-js-01545455824ef9461800.js","size":1654}],"filteredAssets":0,"assetsSize":203657,"filteredAuxiliaryAssets":3,"auxiliaryAssetsSize":46204},"component---src-pages-2023-alg-js":{"name":"component---src-pages-2023-alg-js","assets":[{"name":"styles.f5bd8e32381e82a2d971.css","size":202003},{"name":"component---src-pages-2023-alg-js-99c3864151978ba342c7.js","size":1654}],"filteredAssets":0,"assetsSize":203657,"filteredAuxiliaryAssets":3,"auxiliaryAssetsSize":46204},"component---src-pages-404-js":{"name":"component---src-pages-404-js","assets":[{"name":"styles.f5bd8e32381e82a2d971.css","size":202003},{"name":"component---src-pages-404-js-68765ad8c52759b54ba3.js","size":1658}],"filteredAssets":0,"assetsSize":203661,"filteredAuxiliaryAssets":3,"auxiliaryAssetsSize":46209},"component---src-pages-about-js":{"name":"component---src-pages-about-js","assets":[{"name":"component---src-pages-about-js-85027b15282f4bca643f.js","size":14293}],"filteredAssets":0,"assetsSize":14293,"filteredAuxiliaryAssets":4,"auxiliaryAssetsSize":1893816},"component---src-pages-blog-js":{"name":"component---src-pages-blog-js","assets":[{"name":"component---src-pages-blog-js-c46aa28d1265420e2560.js","size":5644}],"filteredAssets":0,"assetsSize":5644,"filteredAuxiliaryAssets":1,"auxiliaryAssetsSize":13090},"component---src-pages-contact-js":{"name":"component---src-pages-contact-js","assets":[{"name":"component---src-pages-contact-js-8f2653f7073cc8536959.js","size":7563}],"filteredAssets":0,"assetsSize":7563,"filteredAuxiliaryAssets":2,"auxiliaryAssetsSize":597865},"component---src-pages-editions-js":{"name":"component---src-pages-editions-js","assets":[{"name":"component---src-pages-editions-js-953b530d6c041c540e7d.js","size":5084}],"filteredAssets":0,"assetsSize":5084,"filteredAuxiliaryAssets":6,"auxiliaryAssetsSize":3688186},"component---src-pages-events-js":{"name":"component---src-pages-events-js","assets":[{"name":"component---src-pages-events-js-3560ee0136a8f8614a92.js","size":18438}],"filteredAssets":0,"assetsSize":18438,"filteredAuxiliaryAssets":2,"auxiliaryAssetsSize":71709},"component---src-pages-fellows-and-champions-js":{"name":"component---src-pages-fellows-and-champions-js","assets":[{"name":"component---src-pages-fellows-and-champions-js-9026b1a5e17379c564fb.js","size":5703}],"filteredAssets":0,"assetsSize":5703,"filteredAuxiliaryAssets":2,"auxiliaryAssetsSize":58113},"component---src-pages-index-js":{"name":"component---src-pages-index-js","assets":[{"name":"component---src-pages-index-js-e6bf9f4987e2f082b1a2.js","size":37813}],"filteredAssets":0,"assetsSize":37813,"filteredAuxiliaryAssets":4,"auxiliaryAssetsSize":253308},"component---src-pages-initiatives-js":{"name":"component---src-pages-initiatives-js","assets":[{"name":"component---src-pages-initiatives-js-6bf0340e454315b7720e.js","size":4370}],"filteredAssets":0,"assetsSize":4370,"filteredAuxiliaryAssets":2,"auxiliaryAssetsSize":30622},"component---src-pages-media-resource-js":{"name":"component---src-pages-media-resource-js","assets":[{"name":"component---src-pages-media-resource-js-f43be552e211660d5f22.js","size":7496}],"filteredAssets":0,"assetsSize":7496,"filteredAuxiliaryAssets":2,"auxiliaryAssetsSize":858060},"component---src-pages-news-js":{"name":"component---src-pages-news-js","assets":[{"name":"component---src-pages-news-js-a014dc6b024c99acf1ee.js","size":5436}],"filteredAssets":0,"assetsSize":5436,"filteredAuxiliaryAssets":2,"auxiliaryAssetsSize":1098629},"component---src-pages-publications-js":{"name":"component---src-pages-publications-js","assets":[{"name":"framework-b67c42a6eb596e718a54.js","size":141015},{"name":"5d416436-a2875be619f25ffe0745.js","size":546},{"name":"8db1cd9741c539e51b792f32d7207797fa80734d-8dc3a87a033bfbb491f8.js","size":45893},{"name":"component---src-pages-publications-js-31b0b2d07fe9b0a6791c.js","size":8994}],"filteredAssets":0,"assetsSize":196448,"filteredAuxiliaryAssets":5,"auxiliaryAssetsSize":1360419},"component---src-pages-register-js":{"name":"component---src-pages-register-js","assets":[{"name":"component---src-pages-register-js-bd45b8d8dea8737e7f99.js","size":7823}],"filteredAssets":0,"assetsSize":7823,"filteredAuxiliaryAssets":2,"auxiliaryAssetsSize":371196},"component---src-pages-register-townhall-js":{"name":"component---src-pages-register-townhall-js","assets":[{"name":"component---src-pages-register-townhall-js-daaa5c8da0f3c046e11c.js","size":6900}],"filteredAssets":0,"assetsSize":6900,"filteredAuxiliaryAssets":5,"auxiliaryAssetsSize":545692},"component---src-pages-speakers-js":{"name":"component---src-pages-speakers-js","assets":[{"name":"component---src-pages-speakers-js-3c5a5acc22035a942075.js","size":3690}],"filteredAssets":0,"assetsSize":3690,"filteredAuxiliaryAssets":2,"auxiliaryAssetsSize":1700095},"component---src-templates-blog-post-js":{"name":"component---src-templates-blog-post-js","assets":[{"name":"framework-b67c42a6eb596e718a54.js","size":141015},{"name":"8db1cd9741c539e51b792f32d7207797fa80734d-8dc3a87a033bfbb491f8.js","size":45893},{"name":"component---src-templates-blog-post-js-35e3b0edb6831586a24e.js","size":43152}],"filteredAssets":0,"assetsSize":230060,"filteredAuxiliaryAssets":3,"auxiliaryAssetsSize":615080}},"assetsByChunkName":{"app":["webpack-runtime-2d420080a7007742182f.js","styles.f5bd8e32381e82a2d971.css","framework-b67c42a6eb596e718a54.js","cb355538-5ec9de76835c912550c3.js","3b1baa31-34139355b7307044815a.js","app-96d298ec766e31b2c07b.js"],"component---src-pages-2020-alg-js":["styles.f5bd8e32381e82a2d971.css","component---src-pages-2020-alg-js-83436cb57a1c5d99519d.js"],"component---src-pages-2021-alg-js":["styles.f5bd8e32381e82a2d971.css","component---src-pages-2021-alg-js-20558302e564e8b24166.js"],"component---src-pages-2022-alg-js":["styles.f5bd8e32381e82a2d971.css","component---src-pages-2022-alg-js-01545455824ef9461800.js"],"component---src-pages-2023-alg-js":["styles.f5bd8e32381e82a2d971.css","component---src-pages-2023-alg-js-99c3864151978ba342c7.js"],"component---src-pages-404-js":["styles.f5bd8e32381e82a2d971.css","component---src-pages-404-js-68765ad8c52759b54ba3.js"],"component---src-pages-about-js":["component---src-pages-about-js-85027b15282f4bca643f.js"],"component---src-pages-blog-js":["component---src-pages-blog-js-c46aa28d1265420e2560.js"],"component---src-pages-contact-js":["component---src-pages-contact-js-8f2653f7073cc8536959.js"],"component---src-pages-editions-js":["component---src-pages-editions-js-953b530d6c041c540e7d.js"],"component---src-pages-events-js":["component---src-pages-events-js-3560ee0136a8f8614a92.js"],"component---src-pages-fellows-and-champions-js":["component---src-pages-fellows-and-champions-js-9026b1a5e17379c564fb.js"],"component---src-pages-index-js":["component---src-pages-index-js-e6bf9f4987e2f082b1a2.js"],"component---src-pages-initiatives-js":["component---src-pages-initiatives-js-6bf0340e454315b7720e.js"],"component---src-pages-media-resource-js":["component---src-pages-media-resource-js-f43be552e211660d5f22.js"],"component---src-pages-news-js":["component---src-pages-news-js-a014dc6b024c99acf1ee.js"],"component---src-pages-publications-js":["framework-b67c42a6eb596e718a54.js","5d416436-a2875be619f25ffe0745.js","8db1cd9741c539e51b792f32d7207797fa80734d-8dc3a87a033bfbb491f8.js","component---src-pages-publications-js-31b0b2d07fe9b0a6791c.js"],"component---src-pages-register-js":["component---src-pages-register-js-bd45b8d8dea8737e7f99.js"],"component---src-pages-register-townhall-js":["component---src-pages-register-townhall-js-daaa5c8da0f3c046e11c.js"],"component---src-pages-speakers-js":["component---src-pages-speakers-js-3c5a5acc22035a942075.js"],"component---src-templates-blog-post-js":["framework-b67c42a6eb596e718a54.js","8db1cd9741c539e51b792f32d7207797fa80734d-8dc3a87a033bfbb491f8.js","component---src-templates-blog-post-js-35e3b0edb6831586a24e.js"]},"childAssetsByChunkName":{}}